{"cameraMode":{"drawMode":0,"name":"Shaded","section":"Shading Mode"},"sceneLighting":false,"audioPlay":false,"sceneViewState":{"showFog":true,"showMaterialUpdate":false,"showSkybox":true,"showFlares":true,"showImageEffects":true,"showParticleSystems":true},"in2DMode":false,"pivot":{"x":3.205078125,"y":8.2578125,"z":0.5803470611572266},"rotation":{"x":0.2952343821525574,"y":-0.6531180143356323,"z":0.30827370285987856,"w":0.6254926323890686},"size":2.8578836917877199,"orthographic":true}