{"cameraMode":{"drawMode":0,"name":"Shaded","section":"Shading Mode"},"sceneLighting":true,"audioPlay":false,"sceneViewState":{"showFog":true,"showMaterialUpdate":false,"showSkybox":true,"showFlares":true,"showImageEffects":true,"showParticleSystems":true},"in2DMode":false,"pivot":{"x":-1.816915512084961,"y":-16.59465789794922,"z":0.3139805793762207},"rotation":{"x":0.37318500876426699,"y":-0.6262997984886169,"z":0.49976617097854617,"w":0.4676700532436371},"size":432.97711181640627,"orthographic":false}