{"cameraMode":{"drawMode":0,"name":"Shaded","section":"Shading Mode"},"sceneLighting":false,"audioPlay":false,"sceneViewState":{"showFog":true,"showMaterialUpdate":false,"showSkybox":true,"showFlares":true,"showImageEffects":true,"showParticleSystems":true},"in2DMode":false,"pivot":{"x":0.0,"y":1.5002796649932862,"z":-2.999772071838379},"rotation":{"x":-0.2753867208957672,"y":-0.007209917530417442,"z":0.002065439010038972,"w":-0.9613043069839478},"size":6.090916633605957,"orthographic":false}